<?xml version="1.0" encoding="UTF-8" standalone="yes" ?>
<?codewarrior exportversion="1.0.1" ideversion="5.0" ?>

<!DOCTYPE PROJECT [
<!ELEMENT PROJECT (TARGETLIST, TARGETORDER, GROUPLIST, DESIGNLIST?)>
<!ELEMENT TARGETLIST (TARGET+)>
<!ELEMENT TARGET (NAME, SETTINGLIST, FILELIST?, LINKORDER?, SEGMENTLIST?, OVERLAYGROUPLIST?, SUBTARGETLIST?, SUBPROJECTLIST?, FRAMEWORKLIST?)>
<!ELEMENT NAME (#PCDATA)>
<!ELEMENT USERSOURCETREETYPE (#PCDATA)>
<!ELEMENT PATH (#PCDATA)>
<!ELEMENT FILELIST (FILE*)>
<!ELEMENT FILE (PATHTYPE, PATHROOT?, ACCESSPATH?, PATH, PATHFORMAT?, ROOTFILEREF?, FILEKIND?, FILEFLAGS?)>
<!ELEMENT PATHTYPE (#PCDATA)>
<!ELEMENT PATHROOT (#PCDATA)>
<!ELEMENT ACCESSPATH (#PCDATA)>
<!ELEMENT PATHFORMAT (#PCDATA)>
<!ELEMENT ROOTFILEREF (PATHTYPE, PATHROOT?, ACCESSPATH?, PATH, PATHFORMAT?)>
<!ELEMENT FILEKIND (#PCDATA)>
<!ELEMENT FILEFLAGS (#PCDATA)>
<!ELEMENT FILEREF (TARGETNAME?, PATHTYPE, PATHROOT?, ACCESSPATH?, PATH, PATHFORMAT?)>
<!ELEMENT TARGETNAME (#PCDATA)>
<!ELEMENT SETTINGLIST ((SETTING|PANELDATA)+)>
<!ELEMENT SETTING (NAME?, (VALUE|(SETTING+)))>
<!ELEMENT PANELDATA (NAME, VALUE)>
<!ELEMENT VALUE (#PCDATA)>
<!ELEMENT LINKORDER (FILEREF*)>
<!ELEMENT SEGMENTLIST (SEGMENT+)>
<!ELEMENT SEGMENT (NAME, ATTRIBUTES?, FILEREF*)>
<!ELEMENT ATTRIBUTES (#PCDATA)>
<!ELEMENT OVERLAYGROUPLIST (OVERLAYGROUP+)>
<!ELEMENT OVERLAYGROUP (NAME, BASEADDRESS, OVERLAY*)>
<!ELEMENT BASEADDRESS (#PCDATA)>
<!ELEMENT OVERLAY (NAME, FILEREF*)>
<!ELEMENT SUBTARGETLIST (SUBTARGET+)>
<!ELEMENT SUBTARGET (TARGETNAME, ATTRIBUTES?, FILEREF?)>
<!ELEMENT SUBPROJECTLIST (SUBPROJECT+)>
<!ELEMENT SUBPROJECT (FILEREF, SUBPROJECTTARGETLIST)>
<!ELEMENT SUBPROJECTTARGETLIST (SUBPROJECTTARGET*)>
<!ELEMENT SUBPROJECTTARGET (TARGETNAME, ATTRIBUTES?, FILEREF?)>
<!ELEMENT FRAMEWORKLIST (FRAMEWORK+)>
<!ELEMENT FRAMEWORK (FILEREF, LIBRARYFILE?, VERSION?)>
<!ELEMENT LIBRARYFILE (FILEREF)>
<!ELEMENT VERSION (#PCDATA)>
<!ELEMENT TARGETORDER (ORDEREDTARGET|ORDEREDDESIGN)*>
<!ELEMENT ORDEREDTARGET (NAME)>
<!ELEMENT ORDEREDDESIGN (NAME, ORDEREDTARGET+)>
<!ELEMENT GROUPLIST (GROUP|FILEREF)*>
<!ELEMENT GROUP (NAME, (GROUP|FILEREF)*)>
<!ELEMENT DESIGNLIST (DESIGN+)>
<!ELEMENT DESIGN (NAME, DESIGNDATA)>
<!ELEMENT DESIGNDATA (#PCDATA)>
]>

<PROJECT>
    <TARGETLIST>
        <TARGET>
            <NAME>PNO</NAME>
            <SETTINGLIST>

                <!-- Settings for "Source Trees" panel -->
                <SETTING><NAME>UserSourceTrees</NAME><VALUE></VALUE></SETTING>

                <!-- Settings for "Access Paths" panel -->
                <SETTING><NAME>AlwaysSearchUserPaths</NAME><VALUE>false</VALUE></SETTING>
                <SETTING><NAME>InterpretDOSAndUnixPaths</NAME><VALUE>false</VALUE></SETTING>
                <SETTING><NAME>RequireFrameworkStyleIncludes</NAME><VALUE>false</VALUE></SETTING>
                <SETTING><NAME>SystemSearchPaths</NAME>
                    <SETTING>
                        <SETTING><NAME>SearchPath</NAME>
                            <SETTING><NAME>Path</NAME><VALUE>..\..\..\..</VALUE></SETTING>
                            <SETTING><NAME>PathFormat</NAME><VALUE>Windows</VALUE></SETTING>
                            <SETTING><NAME>PathRoot</NAME><VALUE>Project</VALUE></SETTING>
                        </SETTING>
                        <SETTING><NAME>Recursive</NAME><VALUE>true</VALUE></SETTING>
                        <SETTING><NAME>FrameworkPath</NAME><VALUE>false</VALUE></SETTING>
                        <SETTING><NAME>HostFlags</NAME><VALUE>All</VALUE></SETTING>
                    </SETTING>
                </SETTING>

                <!-- Settings for "Debugger Runtime" panel -->
                <SETTING><NAME>MWRuntimeSettings_WorkingDirectory</NAME><VALUE></VALUE></SETTING>
                <SETTING><NAME>MWRuntimeSettings_CommandLine</NAME><VALUE></VALUE></SETTING>
                <SETTING><NAME>MWRuntimeSettings_HostApplication</NAME>
                    <SETTING><NAME>Path</NAME><VALUE></VALUE></SETTING>
                    <SETTING><NAME>PathFormat</NAME><VALUE>Generic</VALUE></SETTING>
                    <SETTING><NAME>PathRoot</NAME><VALUE>Absolute</VALUE></SETTING>
                </SETTING>
                <SETTING><NAME>MWRuntimeSettings_EnvVars</NAME><VALUE></VALUE></SETTING>

                <!-- Settings for "Target Settings" panel -->
                <SETTING><NAME>Linker</NAME><VALUE>MW Palm OS ARMlet Linker</VALUE></SETTING>
                <SETTING><NAME>PreLinker</NAME><VALUE></VALUE></SETTING>
                <SETTING><NAME>PostLinker</NAME><VALUE></VALUE></SETTING>
                <SETTING><NAME>Targetname</NAME><VALUE>PNO</VALUE></SETTING>
                <SETTING><NAME>OutputDirectory</NAME>
                    <SETTING><NAME>Path</NAME><VALUE>..\Lib</VALUE></SETTING>
                    <SETTING><NAME>PathFormat</NAME><VALUE>Windows</VALUE></SETTING>
                    <SETTING><NAME>PathRoot</NAME><VALUE>Project</VALUE></SETTING>
                </SETTING>
                <SETTING><NAME>SaveEntriesUsingRelativePaths</NAME><VALUE>false</VALUE></SETTING>

                <!-- Settings for "File Mappings" panel -->
                <SETTING><NAME>FileMappings</NAME>
                    <SETTING>
                        <SETTING><NAME>FileType</NAME><VALUE>TEXT</VALUE></SETTING>
                        <SETTING><NAME>FileExtension</NAME><VALUE>.c</VALUE></SETTING>
                        <SETTING><NAME>Compiler</NAME><VALUE>MW C/C++ Palm OS ARMlet</VALUE></SETTING>
                        <SETTING><NAME>EditLanguage</NAME><VALUE>C/C++</VALUE></SETTING>
                        <SETTING><NAME>Precompile</NAME><VALUE>false</VALUE></SETTING>
                        <SETTING><NAME>Launchable</NAME><VALUE>false</VALUE></SETTING>
                        <SETTING><NAME>ResourceFile</NAME><VALUE>false</VALUE></SETTING>
                        <SETTING><NAME>IgnoredByMake</NAME><VALUE>false</VALUE></SETTING>
                    </SETTING>
                    <SETTING>
                        <SETTING><NAME>FileType</NAME><VALUE>TEXT</VALUE></SETTING>
                        <SETTING><NAME>FileExtension</NAME><VALUE>.c++</VALUE></SETTING>
                        <SETTING><NAME>Compiler</NAME><VALUE>MW C/C++ Palm OS ARMlet</VALUE></SETTING>
                        <SETTING><NAME>EditLanguage</NAME><VALUE>C/C++</VALUE></SETTING>
                        <SETTING><NAME>Precompile</NAME><VALUE>false</VALUE></SETTING>
                        <SETTING><NAME>Launchable</NAME><VALUE>false</VALUE></SETTING>
                        <SETTING><NAME>ResourceFile</NAME><VALUE>false</VALUE></SETTING>
                        <SETTING><NAME>IgnoredByMake</NAME><VALUE>false</VALUE></SETTING>
                    </SETTING>
                    <SETTING>
                        <SETTING><NAME>FileType</NAME><VALUE>TEXT</VALUE></SETTING>
                        <SETTING><NAME>FileExtension</NAME><VALUE>.cc</VALUE></SETTING>
                        <SETTING><NAME>Compiler</NAME><VALUE>MW C/C++ Palm OS ARMlet</VALUE></SETTING>
                        <SETTING><NAME>EditLanguage</NAME><VALUE>C/C++</VALUE></SETTING>
                        <SETTING><NAME>Precompile</NAME><VALUE>false</VALUE></SETTING>
                        <SETTING><NAME>Launchable</NAME><VALUE>false</VALUE></SETTING>
                        <SETTING><NAME>ResourceFile</NAME><VALUE>false</VALUE></SETTING>
                        <SETTING><NAME>IgnoredByMake</NAME><VALUE>false</VALUE></SETTING>
                    </SETTING>
                    <SETTING>
                        <SETTING><NAME>FileType</NAME><VALUE>TEXT</VALUE></SETTING>
                        <SETTING><NAME>FileExtension</NAME><VALUE>.cp</VALUE></SETTING>
                        <SETTING><NAME>Compiler</NAME><VALUE>MW C/C++ Palm OS ARMlet</VALUE></SETTING>
                        <SETTING><NAME>EditLanguage</NAME><VALUE>C/C++</VALUE></SETTING>
                        <SETTING><NAME>Precompile</NAME><VALUE>false</VALUE></SETTING>
                        <SETTING><NAME>Launchable</NAME><VALUE>false</VALUE></SETTING>
                        <SETTING><NAME>ResourceFile</NAME><VALUE>false</VALUE></SETTING>
                        <SETTING><NAME>IgnoredByMake</NAME><VALUE>false</VALUE></SETTING>
                    </SETTING>
                    <SETTING>
                        <SETTING><NAME>FileType</NAME><VALUE>TEXT</VALUE></SETTING>
                        <SETTING><NAME>FileExtension</NAME><VALUE>.cpp</VALUE></SETTING>
                        <SETTING><NAME>Compiler</NAME><VALUE>MW C/C++ Palm OS ARMlet</VALUE></SETTING>
                        <SETTING><NAME>EditLanguage</NAME><VALUE>C/C++</VALUE></SETTING>
                        <SETTING><NAME>Precompile</NAME><VALUE>false</VALUE></SETTING>
                        <SETTING><NAME>Launchable</NAME><VALUE>false</VALUE></SETTING>
                        <SETTING><NAME>ResourceFile</NAME><VALUE>false</VALUE></SETTING>
                        <SETTING><NAME>IgnoredByMake</NAME><VALUE>false</VALUE></SETTING>
                    </SETTING>
                    <SETTING>
                        <SETTING><NAME>FileType</NAME><VALUE>TEXT</VALUE></SETTING>
                        <SETTING><NAME>FileExtension</NAME><VALUE>.cxx</VALUE></SETTING>
                        <SETTING><NAME>Compiler</NAME><VALUE>MW C/C++ Palm OS ARMlet</VALUE></SETTING>
                        <SETTING><NAME>EditLanguage</NAME><VALUE>C/C++</VALUE></SETTING>
                        <SETTING><NAME>Precompile</NAME><VALUE>false</VALUE></SETTING>
                        <SETTING><NAME>Launchable</NAME><VALUE>false</VALUE></SETTING>
                        <SETTING><NAME>ResourceFile</NAME><VALUE>false</VALUE></SETTING>
                        <SETTING><NAME>IgnoredByMake</NAME><VALUE>false</VALUE></SETTING>
                    </SETTING>
                    <SETTING>
                        <SETTING><NAME>FileType</NAME><VALUE>TEXT</VALUE></SETTING>
                        <SETTING><NAME>FileExtension</NAME><VALUE>.h</VALUE></SETTING>
                        <SETTING><NAME>Compiler</NAME><VALUE>MW C/C++ Palm OS ARMlet</VALUE></SETTING>
                        <SETTING><NAME>EditLanguage</NAME><VALUE>C/C++</VALUE></SETTING>
                        <SETTING><NAME>Precompile</NAME><VALUE>false</VALUE></SETTING>
                        <SETTING><NAME>Launchable</NAME><VALUE>false</VALUE></SETTING>
                        <SETTING><NAME>ResourceFile</NAME><VALUE>false</VALUE></SETTING>
                        <SETTING><NAME>IgnoredByMake</NAME><VALUE>true</VALUE></SETTING>
                    </SETTING>
                    <SETTING>
                        <SETTING><NAME>FileType</NAME><VALUE>TEXT</VALUE></SETTING>
                        <SETTING><NAME>FileExtension</NAME><VALUE>.h++</VALUE></SETTING>
                        <SETTING><NAME>Compiler</NAME><VALUE>MW C/C++ Palm OS ARMlet</VALUE></SETTING>
                        <SETTING><NAME>EditLanguage</NAME><VALUE>C/C++</VALUE></SETTING>
                        <SETTING><NAME>Precompile</NAME><VALUE>false</VALUE></SETTING>
                        <SETTING><NAME>Launchable</NAME><VALUE>false</VALUE></SETTING>
                        <SETTING><NAME>ResourceFile</NAME><VALUE>false</VALUE></SETTING>
                        <SETTING><NAME>IgnoredByMake</NAME><VALUE>true</VALUE></SETTING>
                    </SETTING>
                    <SETTING>
                        <SETTING><NAME>FileType</NAME><VALUE>TEXT</VALUE></SETTING>
                        <SETTING><NAME>FileExtension</NAME><VALUE>.hpp</VALUE></SETTING>
                        <SETTING><NAME>Compiler</NAME><VALUE>MW C/C++ Palm OS ARMlet</VALUE></SETTING>
                        <SETTING><NAME>EditLanguage</NAME><VALUE>C/C++</VALUE></SETTING>
                        <SETTING><NAME>Precompile</NAME><VALUE>false</VALUE></SETTING>
                        <SETTING><NAME>Launchable</NAME><VALUE>false</VALUE></SETTING>
                        <SETTING><NAME>ResourceFile</NAME><VALUE>false</VALUE></SETTING>
                        <SETTING><NAME>IgnoredByMake</NAME><VALUE>true</VALUE></SETTING>
                    </SETTING>
                    <SETTING>
                        <SETTING><NAME>FileType</NAME><VALUE>TEXT</VALUE></SETTING>
                        <SETTING><NAME>FileExtension</NAME><VALUE>.hxx</VALUE></SETTING>
                        <SETTING><NAME>Compiler</NAME><VALUE>MW C/C++ Palm OS ARMlet</VALUE></SETTING>
                        <SETTING><NAME>EditLanguage</NAME><VALUE>C/C++</VALUE></SETTING>
                        <SETTING><NAME>Precompile</NAME><VALUE>false</VALUE></SETTING>
                        <SETTING><NAME>Launchable</NAME><VALUE>false</VALUE></SETTING>
                        <SETTING><NAME>ResourceFile</NAME><VALUE>false</VALUE></SETTING>
                        <SETTING><NAME>IgnoredByMake</NAME><VALUE>true</VALUE></SETTING>
                    </SETTING>
                    <SETTING>
                        <SETTING><NAME>FileType</NAME><VALUE>TEXT</VALUE></SETTING>
                        <SETTING><NAME>FileExtension</NAME><VALUE>.pch</VALUE></SETTING>
                        <SETTING><NAME>Compiler</NAME><VALUE>MW C/C++ Palm OS ARMlet</VALUE></SETTING>
                        <SETTING><NAME>EditLanguage</NAME><VALUE>C/C++</VALUE></SETTING>
                        <SETTING><NAME>Precompile</NAME><VALUE>true</VALUE></SETTING>
                        <SETTING><NAME>Launchable</NAME><VALUE>false</VALUE></SETTING>
                        <SETTING><NAME>ResourceFile</NAME><VALUE>false</VALUE></SETTING>
                        <SETTING><NAME>IgnoredByMake</NAME><VALUE>false</VALUE></SETTING>
                    </SETTING>
                    <SETTING>
                        <SETTING><NAME>FileType</NAME><VALUE>TEXT</VALUE></SETTING>
                        <SETTING><NAME>FileExtension</NAME><VALUE>.pch++</VALUE></SETTING>
                        <SETTING><NAME>Compiler</NAME><VALUE>MW C/C++ Palm OS ARMlet</VALUE></SETTING>
                        <SETTING><NAME>EditLanguage</NAME><VALUE>C/C++</VALUE></SETTING>
                        <SETTING><NAME>Precompile</NAME><VALUE>true</VALUE></SETTING>
                        <SETTING><NAME>Launchable</NAME><VALUE>false</VALUE></SETTING>
                        <SETTING><NAME>ResourceFile</NAME><VALUE>false</VALUE></SETTING>
                        <SETTING><NAME>IgnoredByMake</NAME><VALUE>false</VALUE></SETTING>
                    </SETTING>
                    <SETTING>
                        <SETTING><NAME>FileExtension</NAME><VALUE>.a</VALUE></SETTING>
                        <SETTING><NAME>Compiler</NAME><VALUE>MW ARMlet ELF Importer</VALUE></SETTING>
                        <SETTING><NAME>EditLanguage</NAME><VALUE></VALUE></SETTING>
                        <SETTING><NAME>Precompile</NAME><VALUE>false</VALUE></SETTING>
                        <SETTING><NAME>Launchable</NAME><VALUE>false</VALUE></SETTING>
                        <SETTING><NAME>ResourceFile</NAME><VALUE>false</VALUE></SETTING>
                        <SETTING><NAME>IgnoredByMake</NAME><VALUE>false</VALUE></SETTING>
                    </SETTING>
                    <SETTING>
                        <SETTING><NAME>FileExtension</NAME><VALUE>.doc</VALUE></SETTING>
                        <SETTING><NAME>Compiler</NAME><VALUE></VALUE></SETTING>
                        <SETTING><NAME>EditLanguage</NAME><VALUE></VALUE></SETTING>
                        <SETTING><NAME>Precompile</NAME><VALUE>false</VALUE></SETTING>
                        <SETTING><NAME>Launchable</NAME><VALUE>true</VALUE></SETTING>
                        <SETTING><NAME>ResourceFile</NAME><VALUE>false</VALUE></SETTING>
                        <SETTING><NAME>IgnoredByMake</NAME><VALUE>true</VALUE></SETTING>
                    </SETTING>
                    <SETTING>
                        <SETTING><NAME>FileExtension</NAME><VALUE>.elf</VALUE></SETTING>
                        <SETTING><NAME>Compiler</NAME><VALUE>MW ARMlet ELF Importer</VALUE></SETTING>
                        <SETTING><NAME>EditLanguage</NAME><VALUE></VALUE></SETTING>
                        <SETTING><NAME>Precompile</NAME><VALUE>false</VALUE></SETTING>
                        <SETTING><NAME>Launchable</NAME><VALUE>false</VALUE></SETTING>
                        <SETTING><NAME>ResourceFile</NAME><VALUE>false</VALUE></SETTING>
                        <SETTING><NAME>IgnoredByMake</NAME><VALUE>false</VALUE></SETTING>
                    </SETTING>
                    <SETTING>
                        <SETTING><NAME>FileExtension</NAME><VALUE>.lib</VALUE></SETTING>
                        <SETTING><NAME>Compiler</NAME><VALUE>MW ARMlet ELF Importer</VALUE></SETTING>
                        <SETTING><NAME>EditLanguage</NAME><VALUE></VALUE></SETTING>
                        <SETTING><NAME>Precompile</NAME><VALUE>false</VALUE></SETTING>
                        <SETTING><NAME>Launchable</NAME><VALUE>false</VALUE></SETTING>
                        <SETTING><NAME>ResourceFile</NAME><VALUE>false</VALUE></SETTING>
                        <SETTING><NAME>IgnoredByMake</NAME><VALUE>false</VALUE></SETTING>
                    </SETTING>
                    <SETTING>
                        <SETTING><NAME>FileExtension</NAME><VALUE>.o</VALUE></SETTING>
                        <SETTING><NAME>Compiler</NAME><VALUE>MW ARMlet ELF Importer</VALUE></SETTING>
                        <SETTING><NAME>EditLanguage</NAME><VALUE></VALUE></SETTING>
                        <SETTING><NAME>Precompile</NAME><VALUE>false</VALUE></SETTING>
                        <SETTING><NAME>Launchable</NAME><VALUE>false</VALUE></SETTING>
                        <SETTING><NAME>ResourceFile</NAME><VALUE>false</VALUE></SETTING>
                        <SETTING><NAME>IgnoredByMake</NAME><VALUE>false</VALUE></SETTING>
                    </SETTING>
                    <SETTING>
                        <SETTING><NAME>FileExtension</NAME><VALUE>.txt</VALUE></SETTING>
                        <SETTING><NAME>Compiler</NAME><VALUE></VALUE></SETTING>
                        <SETTING><NAME>EditLanguage</NAME><VALUE></VALUE></SETTING>
                        <SETTING><NAME>Precompile</NAME><VALUE>false</VALUE></SETTING>
                        <SETTING><NAME>Launchable</NAME><VALUE>false</VALUE></SETTING>
                        <SETTING><NAME>ResourceFile</NAME><VALUE>false</VALUE></SETTING>
                        <SETTING><NAME>IgnoredByMake</NAME><VALUE>false</VALUE></SETTING>
                    </SETTING>
                </SETTING>

                <!-- Settings for "Build Extras" panel -->
                <SETTING><NAME>CacheModDates</NAME><VALUE>false</VALUE></SETTING>
                <SETTING><NAME>DumpBrowserInfo</NAME><VALUE>false</VALUE></SETTING>
                <SETTING><NAME>CacheSubprojects</NAME><VALUE>false</VALUE></SETTING>
                <SETTING><NAME>UseThirdPartyDebugger</NAME><VALUE>false</VALUE></SETTING>
                <SETTING><NAME>BrowserGenerator</NAME><VALUE>1</VALUE></SETTING>
                <SETTING><NAME>DebuggerAppPath</NAME>
                    <SETTING><NAME>Path</NAME><VALUE></VALUE></SETTING>
                    <SETTING><NAME>PathFormat</NAME><VALUE>Generic</VALUE></SETTING>
                    <SETTING><NAME>PathRoot</NAME><VALUE>Absolute</VALUE></SETTING>
                </SETTING>
                <SETTING><NAME>DebuggerCmdLineArgs</NAME><VALUE></VALUE></SETTING>
                <SETTING><NAME>DebuggerWorkingDir</NAME>
                    <SETTING><NAME>Path</NAME><VALUE></VALUE></SETTING>
                    <SETTING><NAME>PathFormat</NAME><VALUE>Generic</VALUE></SETTING>
                    <SETTING><NAME>PathRoot</NAME><VALUE>Absolute</VALUE></SETTING>
                </SETTING>
                <SETTING><NAME>CodeCompletionPrefixFileName</NAME><VALUE></VALUE></SETTING>
                <SETTING><NAME>CodeCompletionMacroFileName</NAME><VALUE></VALUE></SETTING>

                <!-- Settings for "Debugger Target" panel -->
                <SETTING><NAME>ConsoleEncoding</NAME><VALUE>0</VALUE></SETTING>
                <SETTING><NAME>LogSystemMessages</NAME><VALUE>false</VALUE></SETTING>
                <SETTING><NAME>AutoTargetDLLs</NAME><VALUE>false</VALUE></SETTING>
                <SETTING><NAME>StopAtWatchpoints</NAME><VALUE>true</VALUE></SETTING>
                <SETTING><NAME>PauseWhileRunning</NAME><VALUE>false</VALUE></SETTING>
                <SETTING><NAME>PauseInterval</NAME><VALUE>5</VALUE></SETTING>
                <SETTING><NAME>PauseUIFlags</NAME><VALUE>0</VALUE></SETTING>
                <SETTING><NAME>AltExePath</NAME>
                    <SETTING><NAME>Path</NAME><VALUE></VALUE></SETTING>
                    <SETTING><NAME>PathFormat</NAME><VALUE>Windows</VALUE></SETTING>
                    <SETTING><NAME>PathRoot</NAME><VALUE>Absolute</VALUE></SETTING>
                </SETTING>
                <SETTING><NAME>StopAtTempBPOnLaunch</NAME><VALUE>true</VALUE></SETTING>
                <SETTING><NAME>CacheSymbolics</NAME><VALUE>true</VALUE></SETTING>
                <SETTING><NAME>TempBPFunctionName</NAME><VALUE>main</VALUE></SETTING>
                <SETTING><NAME>TempBPType</NAME><VALUE>0</VALUE></SETTING>

                <!-- Settings for "Remote Debug" panel -->
                <SETTING><NAME>Enabled</NAME><VALUE>false</VALUE></SETTING>
                <SETTING><NAME>ConnectionName</NAME><VALUE></VALUE></SETTING>
                <SETTING><NAME>DownloadPath</NAME><VALUE></VALUE></SETTING>
                <SETTING><NAME>LaunchRemoteApp</NAME><VALUE>false</VALUE></SETTING>
                <SETTING><NAME>RemoteAppPath</NAME><VALUE></VALUE></SETTING>
                <SETTING><NAME>CoreID</NAME><VALUE>0</VALUE></SETTING>
                <SETTING><NAME>JTAGClockSpeed</NAME><VALUE>8000</VALUE></SETTING>
                <SETTING><NAME>IsMultiCore</NAME><VALUE>false</VALUE></SETTING>
                <SETTING><NAME>OSDownload</NAME><VALUE>false</VALUE></SETTING>
                <SETTING><NAME>UseGlobalOSDownload</NAME><VALUE>false</VALUE></SETTING>
                <SETTING><NAME>OSDownloadConnectionName</NAME><VALUE></VALUE></SETTING>
                <SETTING><NAME>OSDownloadPath</NAME><VALUE></VALUE></SETTING>
                <SETTING><NAME>AltDownload</NAME><VALUE>false</VALUE></SETTING>
                <SETTING><NAME>AltDownloadConnectionName</NAME><VALUE></VALUE></SETTING>

                <!-- Settings for "Auto-target" panel -->
                <SETTING><NAME>OtherExecutables</NAME><VALUE></VALUE></SETTING>

                <!-- Settings for "Custom Keywords" panel -->
                <SETTING><NAME>CustomColor1</NAME>
                    <SETTING><NAME>Red</NAME><VALUE>0</VALUE></SETTING>
                    <SETTING><NAME>Green</NAME><VALUE>32767</VALUE></SETTING>
                    <SETTING><NAME>Blue</NAME><VALUE>0</VALUE></SETTING>
                </SETTING>
                <SETTING><NAME>CustomColor2</NAME>
                    <SETTING><NAME>Red</NAME><VALUE>0</VALUE></SETTING>
                    <SETTING><NAME>Green</NAME><VALUE>32767</VALUE></SETTING>
                    <SETTING><NAME>Blue</NAME><VALUE>0</VALUE></SETTING>
                </SETTING>
                <SETTING><NAME>CustomColor3</NAME>
                    <SETTING><NAME>Red</NAME><VALUE>0</VALUE></SETTING>
                    <SETTING><NAME>Green</NAME><VALUE>32767</VALUE></SETTING>
                    <SETTING><NAME>Blue</NAME><VALUE>0</VALUE></SETTING>
                </SETTING>
                <SETTING><NAME>CustomColor4</NAME>
                    <SETTING><NAME>Red</NAME><VALUE>0</VALUE></SETTING>
                    <SETTING><NAME>Green</NAME><VALUE>32767</VALUE></SETTING>
                    <SETTING><NAME>Blue</NAME><VALUE>0</VALUE></SETTING>
                </SETTING>

                <!-- Settings for "68K Global Optimizer" panel -->
                <SETTING><NAME>GlobalOptimizer_68K_optimizationlevel</NAME><VALUE>Level0</VALUE></SETTING>
                <SETTING><NAME>GlobalOptimizer_68K_optfor</NAME><VALUE>Speed</VALUE></SETTING>

                <!-- Settings for "ARM Global Optimizer" panel -->
                <SETTING><NAME>GlobalOptimizer_ARM_optimizationlevel</NAME><VALUE>Level4</VALUE></SETTING>
                <SETTING><NAME>GlobalOptimizer_ARM_optfor</NAME><VALUE>Speed</VALUE></SETTING>

                <!-- Settings for "68K CodeGen" panel -->
                <SETTING><NAME>MWCodeGen_68K_codesize</NAME><VALUE>Small</VALUE></SETTING>
                <SETTING><NAME>MWCodeGen_68K_structalignment</NAME><VALUE>MC68K</VALUE></SETTING>
                <SETTING><NAME>MWCodeGen_68K_fp_mode</NAME><VALUE>Palm_OS</VALUE></SETTING>
                <SETTING><NAME>MWCodeGen_68K_code68020</NAME><VALUE>0</VALUE></SETTING>
                <SETTING><NAME>MWCodeGen_68K_profiler</NAME><VALUE>0</VALUE></SETTING>
                <SETTING><NAME>MWCodeGen_68K_mpwc</NAME><VALUE>0</VALUE></SETTING>
                <SETTING><NAME>MWCodeGen_68K_fourbyteints</NAME><VALUE>0</VALUE></SETTING>
                <SETTING><NAME>MWCodeGen_68K_IEEEdoubles</NAME><VALUE>1</VALUE></SETTING>
                <SETTING><NAME>MWCodeGen_68K_fardata</NAME><VALUE>0</VALUE></SETTING>
                <SETTING><NAME>MWCodeGen_68K_farvtables</NAME><VALUE>0</VALUE></SETTING>
                <SETTING><NAME>MWCodeGen_68K_farstrings</NAME><VALUE>0</VALUE></SETTING>
                <SETTING><NAME>MWCodeGen_68K_pcrelstrings</NAME><VALUE>1</VALUE></SETTING>
                <SETTING><NAME>MWCodeGen_68K_pcrelconstdata</NAME><VALUE>0</VALUE></SETTING>
                <SETTING><NAME>MWCodeGen_68K_macsbug</NAME><VALUE>None</VALUE></SETTING>
                <SETTING><NAME>MWCodeGen_68K_a6frames</NAME><VALUE>1</VALUE></SETTING>

                <!-- Settings for "BatchRunner Panel" panel -->
                <SETTING><NAME>MWBatchRunnerPostLinker_BatchPath</NAME>
                    <SETTING><NAME>Path</NAME><VALUE></VALUE></SETTING>
                    <SETTING><NAME>PathFormat</NAME><VALUE>Windows</VALUE></SETTING>
                    <SETTING><NAME>PathRoot</NAME><VALUE>Absolute</VALUE></SETTING>
                </SETTING>
                <SETTING><NAME>MWBatchRunnerPostLinker_SendParam</NAME><VALUE>false</VALUE></SETTING>

                <!-- Settings for "BatchRunner PreLinker Panel" panel -->
                <SETTING><NAME>MWBatchRunnerPreLinker_BatchPath</NAME>
                    <SETTING><NAME>Path</NAME><VALUE></VALUE></SETTING>
                    <SETTING><NAME>PathFormat</NAME><VALUE>Windows</VALUE></SETTING>
                    <SETTING><NAME>PathRoot</NAME><VALUE>Absolute</VALUE></SETTING>
                </SETTING>

                <!-- Settings for "68K Disassembler" panel -->
                <SETTING><NAME>MWDisassembler_68K_showcode</NAME><VALUE>1</VALUE></SETTING>
                <SETTING><NAME>MWDisassembler_68K_mix</NAME><VALUE>0</VALUE></SETTING>
                <SETTING><NAME>MWDisassembler_68K_nohex</NAME><VALUE>0</VALUE></SETTING>
                <SETTING><NAME>MWDisassembler_68K_showdata</NAME><VALUE>1</VALUE></SETTING>
                <SETTING><NAME>MWDisassembler_68K_showexceptions</NAME><VALUE>1</VALUE></SETTING>
                <SETTING><NAME>MWDisassembler_68K_showsym</NAME><VALUE>0</VALUE></SETTING>
                <SETTING><NAME>MWDisassembler_68K_shownames</NAME><VALUE>1</VALUE></SETTING>

                <!-- Settings for "ELF Disassembler Panel" panel -->
                <SETTING><NAME>Show_Headers</NAME><VALUE>true</VALUE></SETTING>
                <SETTING><NAME>Show_Symbol_Table</NAME><VALUE>true</VALUE></SETTING>
                <SETTING><NAME>Show_Verbose_Info</NAME><VALUE>false</VALUE></SETTING>
                <SETTING><NAME>Show_Relocation</NAME><VALUE>true</VALUE></SETTING>
                <SETTING><NAME>Show_Code_Modules</NAME><VALUE>true</VALUE></SETTING>
                <SETTING><NAME>Show_Extended_Mnemonics</NAME><VALUE>true</VALUE></SETTING>
                <SETTING><NAME>Show_Source_Code</NAME><VALUE>false</VALUE></SETTING>
                <SETTING><NAME>Show_Address_and_Object_Code</NAME><VALUE>true</VALUE></SETTING>
                <SETTING><NAME>Show_Comments</NAME><VALUE>true</VALUE></SETTING>
                <SETTING><NAME>Show_Data_Modules</NAME><VALUE>true</VALUE></SETTING>
                <SETTING><NAME>Show_Exception_Tables</NAME><VALUE>false</VALUE></SETTING>
                <SETTING><NAME>Show_Debug_Info</NAME><VALUE>false</VALUE></SETTING>

                <!-- Settings for "C/C++ Compiler" panel -->
                <SETTING><NAME>MWFrontEnd_C_cplusplus</NAME><VALUE>1</VALUE></SETTING>
                <SETTING><NAME>MWFrontEnd_C_checkprotos</NAME><VALUE>0</VALUE></SETTING>
                <SETTING><NAME>MWFrontEnd_C_arm</NAME><VALUE>0</VALUE></SETTING>
                <SETTING><NAME>MWFrontEnd_C_trigraphs</NAME><VALUE>1</VALUE></SETTING>
                <SETTING><NAME>MWFrontEnd_C_onlystdkeywords</NAME><VALUE>0</VALUE></SETTING>
                <SETTING><NAME>MWFrontEnd_C_enumsalwaysint</NAME><VALUE>0</VALUE></SETTING>
                <SETTING><NAME>MWFrontEnd_C_mpwpointerstyle</NAME><VALUE>0</VALUE></SETTING>
                <SETTING><NAME>MWFrontEnd_C_prefixname</NAME><VALUE></VALUE></SETTING>
                <SETTING><NAME>MWFrontEnd_C_ansistrict</NAME><VALUE>1</VALUE></SETTING>
                <SETTING><NAME>MWFrontEnd_C_mpwcnewline</NAME><VALUE>0</VALUE></SETTING>
                <SETTING><NAME>MWFrontEnd_C_wchar_type</NAME><VALUE>1</VALUE></SETTING>
                <SETTING><NAME>MWFrontEnd_C_enableexceptions</NAME><VALUE>1</VALUE></SETTING>
                <SETTING><NAME>MWFrontEnd_C_dontreusestrings</NAME><VALUE>0</VALUE></SETTING>
                <SETTING><NAME>MWFrontEnd_C_poolstrings</NAME><VALUE>0</VALUE></SETTING>
                <SETTING><NAME>MWFrontEnd_C_dontinline</NAME><VALUE>0</VALUE></SETTING>
                <SETTING><NAME>MWFrontEnd_C_useRTTI</NAME><VALUE>1</VALUE></SETTING>
                <SETTING><NAME>MWFrontEnd_C_multibyteaware</NAME><VALUE>0</VALUE></SETTING>
                <SETTING><NAME>MWFrontEnd_C_unsignedchars</NAME><VALUE>0</VALUE></SETTING>
                <SETTING><NAME>MWFrontEnd_C_autoinline</NAME><VALUE>0</VALUE></SETTING>
                <SETTING><NAME>MWFrontEnd_C_booltruefalse</NAME><VALUE>1</VALUE></SETTING>
                <SETTING><NAME>MWFrontEnd_C_inlinelevel</NAME><VALUE>8</VALUE></SETTING>
                <SETTING><NAME>MWFrontEnd_C_ecplusplus</NAME><VALUE>0</VALUE></SETTING>
                <SETTING><NAME>MWFrontEnd_C_objective_c</NAME><VALUE>0</VALUE></SETTING>
                <SETTING><NAME>MWFrontEnd_C_defer_codegen</NAME><VALUE>0</VALUE></SETTING>
                <SETTING><NAME>MWFrontEnd_C_templateparser</NAME><VALUE>1</VALUE></SETTING>
                <SETTING><NAME>MWFrontEnd_C_c99</NAME><VALUE>1</VALUE></SETTING>
                <SETTING><NAME>MWFrontEnd_C_bottomupinline</NAME><VALUE>1</VALUE></SETTING>

                <!-- Settings for "68K Linker" panel -->
                <SETTING><NAME>MWLinker_68K_linksym</NAME><VALUE>1</VALUE></SETTING>
                <SETTING><NAME>MWLinker_68K_symfullpath</NAME><VALUE>1</VALUE></SETTING>
                <SETTING><NAME>MWLinker_68K_linksingle</NAME><VALUE>0</VALUE></SETTING>
                <SETTING><NAME>MWLinker_68K_generateMap</NAME><VALUE>0</VALUE></SETTING>
                <SETTING><NAME>MWLinker_68K_nolinkwarnings</NAME><VALUE>0</VALUE></SETTING>
                <SETTING><NAME>MWLinker_68K_glueintosegone</NAME><VALUE>1</VALUE></SETTING>
                <SETTING><NAME>MWLinker_68K_dontdeadstripinitcode</NAME><VALUE>0</VALUE></SETTING>

                <!-- Settings for "MacOS Merge Panel" panel -->
                <SETTING><NAME>MWMerge_MacOS_projectType</NAME><VALUE>Application</VALUE></SETTING>
                <SETTING><NAME>MWMerge_MacOS_outputName</NAME><VALUE>Merge Out</VALUE></SETTING>
                <SETTING><NAME>MWMerge_MacOS_outputCreator</NAME><VALUE>????</VALUE></SETTING>
                <SETTING><NAME>MWMerge_MacOS_outputType</NAME><VALUE>LPPA</VALUE></SETTING>
                <SETTING><NAME>MWMerge_MacOS_suppressWarning</NAME><VALUE>0</VALUE></SETTING>
                <SETTING><NAME>MWMerge_MacOS_copyFragments</NAME><VALUE>1</VALUE></SETTING>
                <SETTING><NAME>MWMerge_MacOS_copyResources</NAME><VALUE>1</VALUE></SETTING>
                <SETTING><NAME>MWMerge_MacOS_flattenResource</NAME><VALUE>0</VALUE></SETTING>
                <SETTING><NAME>MWMerge_MacOS_flatFileName</NAME><VALUE>a.rsrc</VALUE></SETTING>
                <SETTING><NAME>MWMerge_MacOS_flatFileOutputPath</NAME>
                    <SETTING><NAME>Path</NAME><VALUE>:</VALUE></SETTING>
                    <SETTING><NAME>PathFormat</NAME><VALUE>MacOS</VALUE></SETTING>
                    <SETTING><NAME>PathRoot</NAME><VALUE>Project</VALUE></SETTING>
                </SETTING>
                <SETTING><NAME>MWMerge_MacOS_skipResources</NAME>
                    <SETTING><VALUE>XGLD</VALUE></SETTING>
                    <SETTING><VALUE>dikc</VALUE></SETTING>
                    <SETTING><VALUE>jorP</VALUE></SETTING>
                    <SETTING><VALUE>CPSW</VALUE></SETTING>
                    <SETTING><VALUE>svcm</VALUE></SETTING>
                </SETTING>

                <!-- Settings for "Palm Debugging Panel" panel -->
                <SETTING><NAME>PPalmDebugging_device</NAME><VALUE>1</VALUE></SETTING>
                <SETTING><NAME>PPalmDebugging_launchCode</NAME><VALUE>0</VALUE></SETTING>
                <SETTING><NAME>PPalmDebugging_customCmd</NAME><VALUE>0</VALUE></SETTING>
                <SETTING><NAME>PPalmDebugging_bUseDevice</NAME><VALUE>false</VALUE></SETTING>
                <SETTING><NAME>PPalmDebugging_bLaunchEmul</NAME><VALUE>true</VALUE></SETTING>
                <SETTING><NAME>PPalmDebugging_bKillEmul</NAME><VALUE>true</VALUE></SETTING>
                <SETTING><NAME>PPalmDebugging_bDownloadApp</NAME><VALUE>true</VALUE></SETTING>
                <SETTING><NAME>PPalmDebugging_bLaunchApp</NAME><VALUE>true</VALUE></SETTING>
                <SETTING><NAME>PPalmDebugging_bParamBlock</NAME><VALUE>false</VALUE></SETTING>
                <SETTING><NAME>PPalmDebugging_bShowLogWindow</NAME><VALUE>true</VALUE></SETTING>
                <SETTING><NAME>PPalmDebugging_bSwitchOutApp</NAME><VALUE>true</VALUE></SETTING>
                <SETTING><NAME>PPalmDebugging_baudrate</NAME><VALUE>57600</VALUE></SETTING>
                <SETTING><NAME>PPalmDebugging_emulator</NAME><VALUE>504F5345</VALUE></SETTING>
                <SETTING><NAME>PPalmDebugging_paramBlock</NAME><VALUE></VALUE></SETTING>

                <!-- Settings for "Palm OS 68K Target" panel -->
                <SETTING><NAME>PalmOSTarget_target_type</NAME><VALUE>0</VALUE></SETTING>
                <SETTING><NAME>PalmOSTarget_coderes_id</NAME><VALUE>0</VALUE></SETTING>
                <SETTING><NAME>PalmOSTarget_default_stack_size</NAME><VALUE>4096</VALUE></SETTING>
                <SETTING><NAME>PalmOSTarget_disallow_overlays</NAME><VALUE>false</VALUE></SETTING>
                <SETTING><NAME>PalmOSTarget_coderes_multiseg</NAME><VALUE>false</VALUE></SETTING>
                <SETTING><NAME>PalmOSTarget_gen_name_res</NAME><VALUE>true</VALUE></SETTING>
                <SETTING><NAME>PalmOSTarget_gen_version_res</NAME><VALUE>true</VALUE></SETTING>
                <SETTING><NAME>PalmOSTarget_gen_pref_res</NAME><VALUE>false</VALUE></SETTING>
                <SETTING><NAME>PalmOSTarget_output_file</NAME><VALUE>default_app.prc</VALUE></SETTING>
                <SETTING><NAME>PalmOSTarget_namersrc</NAME><VALUE>Default App</VALUE></SETTING>
                <SETTING><NAME>PalmOSTarget_versionrsrc</NAME><VALUE>1.0</VALUE></SETTING>
                <SETTING><NAME>PalmOSTarget_entrypoint</NAME><VALUE>__Startup__</VALUE></SETTING>
                <SETTING><NAME>PalmOSTarget_coderes_type</NAME><VALUE></VALUE></SETTING>

                <!-- Settings for "PalmRez Panel" panel -->
                <SETTING><NAME>MWRez_Palm_initial_os</NAME><VALUE>256</VALUE></SETTING>
                <SETTING><NAME>MWRez_Palm_mac_resource_files</NAME><VALUE></VALUE></SETTING>
                <SETTING><NAME>MWRez_Palm_text_description_files</NAME><VALUE></VALUE></SETTING>
                <SETTING><NAME>MWRez_Palm_output_file</NAME><VALUE></VALUE></SETTING>
                <SETTING><NAME>MWRez_Palm_database_name</NAME><VALUE></VALUE></SETTING>
                <SETTING><NAME>MWRez_Palm_app_type</NAME><VALUE>appl</VALUE></SETTING>
                <SETTING><NAME>MWRez_Palm_app_creator</NAME><VALUE>****</VALUE></SETTING>
                <SETTING><NAME>MWRez_Palm_app_version</NAME><VALUE>1</VALUE></SETTING>
                <SETTING><NAME>MWRez_Palm_reset_bit</NAME><VALUE>0</VALUE></SETTING>
                <SETTING><NAME>MWRez_Palm_backup_bit</NAME><VALUE>1</VALUE></SETTING>
                <SETTING><NAME>MWRez_Palm_copy_protect</NAME><VALUE>0</VALUE></SETTING>
                <SETTING><NAME>MWRez_Palm_sort_output</NAME><VALUE>1</VALUE></SETTING>
                <SETTING><NAME>MWRez_Palm_hidden</NAME><VALUE>0</VALUE></SETTING>
                <SETTING><NAME>MWRez_Palm_show_warning</NAME><VALUE>1</VALUE></SETTING>
                <SETTING><NAME>MWRez_Palm_translation_table</NAME><VALUE>PalmOS3_0_earlier</VALUE></SETTING>
                <SETTING><NAME>MWRez_Palm_num_traps</NAME><VALUE>0</VALUE></SETTING>
                <SETTING><NAME>MWRez_Palm_traps</NAME><VALUE></VALUE></SETTING>

                <!-- Settings for "PilRC Settings" panel -->
                <SETTING><NAME>PilRC_alloweditids</NAME><VALUE>true</VALUE></SETTING>
                <SETTING><NAME>PilRC_convertellipses</NAME><VALUE>false</VALUE></SETTING>
                <SETTING><NAME>PilRC_fontwidthcharset</NAME><VALUE>0</VALUE></SETTING>
                <SETTING><NAME>PilRC_targetlanguage</NAME><VALUE></VALUE></SETTING>
                <SETTING><NAME>PilRC_targetlocale</NAME><VALUE></VALUE></SETTING>
                <SETTING><NAME>PilRC_stripnonlocale</NAME><VALUE>false</VALUE></SETTING>
                <SETTING><NAME>PilRC_righttoleft</NAME><VALUE>false</VALUE></SETTING>
                <SETTING><NAME>PilRC_otherparams</NAME><VALUE></VALUE></SETTING>

                <!-- Settings for "PRC File Settings" panel -->
                <SETTING><NAME>PRCFileSettings_dbversion</NAME><VALUE>1</VALUE></SETTING>
                <SETTING><NAME>PRCFileSettings_hdr_reset</NAME><VALUE>false</VALUE></SETTING>
                <SETTING><NAME>PRCFileSettings_hdr_backup</NAME><VALUE>true</VALUE></SETTING>
                <SETTING><NAME>PRCFileSettings_hdr_hidden</NAME><VALUE>false</VALUE></SETTING>
                <SETTING><NAME>PRCFileSettings_hdr_nocopy</NAME><VALUE>false</VALUE></SETTING>
                <SETTING><NAME>PRCFileSettings_hdr_bundle</NAME><VALUE>false</VALUE></SETTING>
                <SETTING><NAME>PRCFileSettings_prc_type</NAME><VALUE>appl</VALUE></SETTING>
                <SETTING><NAME>PRCFileSettings_prc_creator</NAME><VALUE>STRT</VALUE></SETTING>
                <SETTING><NAME>PRCFileSettings_dbname</NAME><VALUE></VALUE></SETTING>

                <!-- Settings for "68K Project" panel -->
                <SETTING><NAME>MWProject_68K_type</NAME><VALUE>Application</VALUE></SETTING>
                <SETTING><NAME>MWProject_68K_outfile</NAME><VALUE>a.out</VALUE></SETTING>
                <SETTING><NAME>MWProject_68K_symfilename</NAME><VALUE></VALUE></SETTING>
                <SETTING><NAME>MWProject_68K_filecreator</NAME><VALUE>????</VALUE></SETTING>
                <SETTING><NAME>MWProject_68K_filetype</NAME><VALUE>LPPA</VALUE></SETTING>
                <SETTING><NAME>MWProject_68K_size</NAME><VALUE>384</VALUE></SETTING>
                <SETTING><NAME>MWProject_68K_flags</NAME><VALUE>22720</VALUE></SETTING>
                <SETTING><NAME>MWProject_68K_rsrcheader</NAME><VALUE>Standard</VALUE></SETTING>
                <SETTING><NAME>MWProject_68K_rsrcname</NAME><VALUE></VALUE></SETTING>
                <SETTING><NAME>MWProject_68K_rsrctype</NAME><VALUE>????</VALUE></SETTING>
                <SETTING><NAME>MWProject_68K_rsrcid</NAME><VALUE>0</VALUE></SETTING>
                <SETTING><NAME>MWProject_68K_rsrcmulti</NAME><VALUE>0</VALUE></SETTING>
                <SETTING><NAME>MWProject_68K_rsrcstore</NAME><VALUE>0</VALUE></SETTING>
                <SETTING><NAME>MWProject_68K_rsrcmerge</NAME><VALUE>0</VALUE></SETTING>
                <SETTING><NAME>MWProject_68K_rsrcflags</NAME><VALUE>0</VALUE></SETTING>
                <SETTING><NAME>MWProject_68K_a4</NAME><VALUE>0</VALUE></SETTING>
                <SETTING><NAME>MWProject_68K_minsize</NAME><VALUE>384</VALUE></SETTING>
                <SETTING><NAME>MWProject_68K_rsrcsegtype</NAME><VALUE>    </VALUE></SETTING>
                <SETTING><NAME>MWProject_68K_cfm68kcodegen</NAME><VALUE>0</VALUE></SETTING>
                <SETTING><NAME>MWProject_68K_stacksize</NAME><VALUE>0</VALUE></SETTING>
                <SETTING><NAME>MWProject_68K_thedebugger</NAME><VALUE>0</VALUE></SETTING>
                <SETTING><NAME>MWProject_68K_rsrc_custom</NAME><VALUE>0</VALUE></SETTING>
                <SETTING><NAME>MWProject_68K_is_rseg_app</NAME><VALUE>0</VALUE></SETTING>
                <SETTING><NAME>MWProject_68K_is_palmos_lib</NAME><VALUE>0</VALUE></SETTING>
                <SETTING><NAME>MWProject_68K_palmos_main_entry</NAME><VALUE></VALUE></SETTING>

                <!-- Settings for "Rez Compiler" panel -->
                <SETTING><NAME>MWRez_Language_maxwidth</NAME><VALUE>80</VALUE></SETTING>
                <SETTING><NAME>MWRez_Language_script</NAME><VALUE>Roman</VALUE></SETTING>
                <SETTING><NAME>MWRez_Language_alignment</NAME><VALUE>Align1</VALUE></SETTING>
                <SETTING><NAME>MWRez_Language_filtermode</NAME><VALUE>FilterSkip</VALUE></SETTING>
                <SETTING><NAME>MWRez_Language_suppresswarnings</NAME><VALUE>0</VALUE></SETTING>
                <SETTING><NAME>MWRez_Language_escapecontrolchars</NAME><VALUE>1</VALUE></SETTING>
                <SETTING><NAME>MWRez_Language_prefixname</NAME><VALUE></VALUE></SETTING>
                <SETTING><NAME>MWRez_Language_filteredtypes</NAME><VALUE>'CODE' 'DATA' 'PICT'</VALUE></SETTING>

                <!-- Settings for "Palm OS ARMlet Target Panel" panel -->
                <SETTING><NAME>MWTarget_ARMlet_projtype</NAME><VALUE>StaticLibrary</VALUE></SETTING>
                <SETTING><NAME>MWTarget_ARMlet_outfile</NAME><VALUE>MSL_C++_PNO.a</VALUE></SETTING>
                <SETTING><NAME>MWTarget_ARMlet_instruction_set</NAME><VALUE>ARM</VALUE></SETTING>
                <SETTING><NAME>MWTarget_ARMlet_gendebugsymbols</NAME><VALUE>true</VALUE></SETTING>
                <SETTING><NAME>MWTarget_ARMlet_genrelocationlists</NAME><VALUE>false</VALUE></SETTING>
                <SETTING><NAME>MWTarget_ARMlet_genlinkmap</NAME><VALUE>false</VALUE></SETTING>
                <SETTING><NAME>MWTarget_ARMlet_listunused</NAME><VALUE>false</VALUE></SETTING>
                <SETTING><NAME>MWTarget_ARMlet_showclosure</NAME><VALUE>false</VALUE></SETTING>
                <SETTING><NAME>MWTarget_ARMlet_zlibcompress</NAME><VALUE>false</VALUE></SETTING>

                <!-- Settings for "C/C++ Warnings" panel -->
                <SETTING><NAME>MWWarning_C_warn_illpragma</NAME><VALUE>0</VALUE></SETTING>
                <SETTING><NAME>MWWarning_C_warn_emptydecl</NAME><VALUE>0</VALUE></SETTING>
                <SETTING><NAME>MWWarning_C_warn_possunwant</NAME><VALUE>0</VALUE></SETTING>
                <SETTING><NAME>MWWarning_C_warn_unusedvar</NAME><VALUE>0</VALUE></SETTING>
                <SETTING><NAME>MWWarning_C_warn_unusedarg</NAME><VALUE>0</VALUE></SETTING>
                <SETTING><NAME>MWWarning_C_warn_extracomma</NAME><VALUE>0</VALUE></SETTING>
                <SETTING><NAME>MWWarning_C_pedantic</NAME><VALUE>0</VALUE></SETTING>
                <SETTING><NAME>MWWarning_C_warningerrors</NAME><VALUE>0</VALUE></SETTING>
                <SETTING><NAME>MWWarning_C_warn_hidevirtual</NAME><VALUE>0</VALUE></SETTING>
                <SETTING><NAME>MWWarning_C_warn_implicitconv</NAME><VALUE>0</VALUE></SETTING>
                <SETTING><NAME>MWWarning_C_warn_notinlined</NAME><VALUE>0</VALUE></SETTING>
                <SETTING><NAME>MWWarning_C_warn_structclass</NAME><VALUE>0</VALUE></SETTING>
            </SETTINGLIST>
            <FILELIST>
                <FILE>
                    <PATHTYPE>Name</PATHTYPE>
                    <PATH>strstream.cpp</PATH>
                    <PATHFORMAT>Windows</PATHFORMAT>
                    <FILEKIND>Text</FILEKIND>
                    <FILEFLAGS>Debug</FILEFLAGS>
                </FILE>
                <FILE>
                    <PATHTYPE>Name</PATHTYPE>
                    <PATH>complex.cpp</PATH>
                    <PATHFORMAT>Windows</PATHFORMAT>
                    <FILEKIND>Text</FILEKIND>
                    <FILEFLAGS>Debug</FILEFLAGS>
                </FILE>
                <FILE>
                    <PATHTYPE>Name</PATHTYPE>
                    <PATH>ios.cpp</PATH>
                    <PATHFORMAT>Windows</PATHFORMAT>
                    <FILEKIND>Text</FILEKIND>
                    <FILEFLAGS>Debug</FILEFLAGS>
                </FILE>
                <FILE>
                    <PATHTYPE>Name</PATHTYPE>
                    <PATH>iostream.cpp</PATH>
                    <PATHFORMAT>Windows</PATHFORMAT>
                    <FILEKIND>Text</FILEKIND>
                    <FILEFLAGS>Debug</FILEFLAGS>
                </FILE>
                <FILE>
                    <PATHTYPE>Name</PATHTYPE>
                    <PATH>locale.cpp</PATH>
                    <PATHFORMAT>Windows</PATHFORMAT>
                    <FILEKIND>Text</FILEKIND>
                    <FILEFLAGS>Debug</FILEFLAGS>
                </FILE>
                <FILE>
                    <PATHTYPE>Name</PATHTYPE>
                    <PATH>MSLstring.cpp</PATH>
                    <PATHFORMAT>Windows</PATHFORMAT>
                    <FILEKIND>Text</FILEKIND>
                    <FILEFLAGS>Debug</FILEFLAGS>
                </FILE>
                <FILE>
                    <PATHTYPE>Name</PATHTYPE>
                    <PATH>algorithm.h</PATH>
                    <PATHFORMAT>Windows</PATHFORMAT>
                    <FILEKIND>Text</FILEKIND>
                    <FILEFLAGS></FILEFLAGS>
                </FILE>
                <FILE>
                    <PATHTYPE>Name</PATHTYPE>
                    <PATH>bitset.h</PATH>
                    <PATHFORMAT>Windows</PATHFORMAT>
                    <FILEKIND>Text</FILEKIND>
                    <FILEFLAGS></FILEFLAGS>
                </FILE>
                <FILE>
                    <PATHTYPE>Name</PATHTYPE>
                    <PATH>cdeque.h</PATH>
                    <PATHFORMAT>Windows</PATHFORMAT>
                    <FILEKIND>Text</FILEKIND>
                    <FILEFLAGS></FILEFLAGS>
                </FILE>
                <FILE>
                    <PATHTYPE>Name</PATHTYPE>
                    <PATH>complex.h</PATH>
                    <PATHFORMAT>Windows</PATHFORMAT>
                    <FILEKIND>Text</FILEKIND>
                    <FILEFLAGS></FILEFLAGS>
                </FILE>
                <FILE>
                    <PATHTYPE>Name</PATHTYPE>
                    <PATH>deque.h</PATH>
                    <PATHFORMAT>Windows</PATHFORMAT>
                    <FILEKIND>Text</FILEKIND>
                    <FILEFLAGS></FILEFLAGS>
                </FILE>
                <FILE>
                    <PATHTYPE>Name</PATHTYPE>
                    <PATH>exception.h</PATH>
                    <PATHFORMAT>Windows</PATHFORMAT>
                    <FILEKIND>Text</FILEKIND>
                    <FILEFLAGS></FILEFLAGS>
                </FILE>
                <FILE>
                    <PATHTYPE>Name</PATHTYPE>
                    <PATH>fstream.h</PATH>
                    <PATHFORMAT>Windows</PATHFORMAT>
                    <FILEKIND>Text</FILEKIND>
                    <FILEFLAGS></FILEFLAGS>
                </FILE>
                <FILE>
                    <PATHTYPE>Name</PATHTYPE>
                    <PATH>functional.h</PATH>
                    <PATHFORMAT>Windows</PATHFORMAT>
                    <FILEKIND>Text</FILEKIND>
                    <FILEFLAGS></FILEFLAGS>
                </FILE>
                <FILE>
                    <PATHTYPE>Name</PATHTYPE>
                    <PATH>functional_ext.h</PATH>
                    <PATHFORMAT>Windows</PATHFORMAT>
                    <FILEKIND>Text</FILEKIND>
                    <FILEFLAGS></FILEFLAGS>
                </FILE>
                <FILE>
                    <PATHTYPE>Name</PATHTYPE>
                    <PATH>hash_fun.h</PATH>
                    <PATHFORMAT>Windows</PATHFORMAT>
                    <FILEKIND>Text</FILEKIND>
                    <FILEFLAGS></FILEFLAGS>
                </FILE>
                <FILE>
                    <PATHTYPE>Name</PATHTYPE>
                    <PATH>hash_map.h</PATH>
                    <PATHFORMAT>Windows</PATHFORMAT>
                    <FILEKIND>Text</FILEKIND>
                    <FILEFLAGS></FILEFLAGS>
                </FILE>
                <FILE>
                    <PATHTYPE>Name</PATHTYPE>
                    <PATH>hash_set.h</PATH>
                    <PATHFORMAT>Windows</PATHFORMAT>
                    <FILEKIND>Text</FILEKIND>
                    <FILEFLAGS></FILEFLAGS>
                </FILE>
                <FILE>
                    <PATHTYPE>Name</PATHTYPE>
                    <PATH>iomanip.h</PATH>
                    <PATHFORMAT>Windows</PATHFORMAT>
                    <FILEKIND>Text</FILEKIND>
                    <FILEFLAGS></FILEFLAGS>
                </FILE>
                <FILE>
                    <PATHTYPE>Name</PATHTYPE>
                    <PATH>ios.h</PATH>
                    <PATHFORMAT>Windows</PATHFORMAT>
                    <FILEKIND>Text</FILEKIND>
                    <FILEFLAGS></FILEFLAGS>
                </FILE>
                <FILE>
                    <PATHTYPE>Name</PATHTYPE>
                    <PATH>iosfwd.h</PATH>
                    <PATHFORMAT>Windows</PATHFORMAT>
                    <FILEKIND>Text</FILEKIND>
                    <FILEFLAGS></FILEFLAGS>
                </FILE>
                <FILE>
                    <PATHTYPE>Name</PATHTYPE>
                    <PATH>iostream.h</PATH>
                    <PATHFORMAT>Windows</PATHFORMAT>
                    <FILEKIND>Text</FILEKIND>
                    <FILEFLAGS></FILEFLAGS>
                </FILE>
                <FILE>
                    <PATHTYPE>Name</PATHTYPE>
                    <PATH>istream.h</PATH>
                    <PATHFORMAT>Windows</PATHFORMAT>
                    <FILEKIND>Text</FILEKIND>
                    <FILEFLAGS></FILEFLAGS>
                </FILE>
                <FILE>
                    <PATHTYPE>Name</PATHTYPE>
                    <PATH>iterator.h</PATH>
                    <PATHFORMAT>Windows</PATHFORMAT>
                    <FILEKIND>Text</FILEKIND>
                    <FILEFLAGS></FILEFLAGS>
                </FILE>
                <FILE>
                    <PATHTYPE>Name</PATHTYPE>
                    <PATH>list.h</PATH>
                    <PATHFORMAT>Windows</PATHFORMAT>
                    <FILEKIND>Text</FILEKIND>
                    <FILEFLAGS></FILEFLAGS>
                </FILE>
                <FILE>
                    <PATHTYPE>Name</PATHTYPE>
                    <PATH>map.h</PATH>
                    <PATHFORMAT>Windows</PATHFORMAT>
                    <FILEKIND>Text</FILEKIND>
                    <FILEFLAGS></FILEFLAGS>
                </FILE>
                <FILE>
                    <PATHTYPE>Name</PATHTYPE>
                    <PATH>MSLstring.h</PATH>
                    <PATHFORMAT>Windows</PATHFORMAT>
                    <FILEKIND>Text</FILEKIND>
                    <FILEFLAGS></FILEFLAGS>
                </FILE>
                <FILE>
                    <PATHTYPE>Name</PATHTYPE>
                    <PATH>new.h</PATH>
                    <PATHFORMAT>Windows</PATHFORMAT>
                    <FILEKIND>Text</FILEKIND>
                    <FILEFLAGS></FILEFLAGS>
                </FILE>
                <FILE>
                    <PATHTYPE>Name</PATHTYPE>
                    <PATH>numeric.h</PATH>
                    <PATHFORMAT>Windows</PATHFORMAT>
                    <FILEKIND>Text</FILEKIND>
                    <FILEFLAGS></FILEFLAGS>
                </FILE>
                <FILE>
                    <PATHTYPE>Name</PATHTYPE>
                    <PATH>ostream.h</PATH>
                    <PATHFORMAT>Windows</PATHFORMAT>
                    <FILEKIND>Text</FILEKIND>
                    <FILEFLAGS></FILEFLAGS>
                </FILE>
                <FILE>
                    <PATHTYPE>Name</PATHTYPE>
                    <PATH>queue.h</PATH>
                    <PATHFORMAT>Windows</PATHFORMAT>
                    <FILEKIND>Text</FILEKIND>
                    <FILEFLAGS></FILEFLAGS>
                </FILE>
                <FILE>
                    <PATHTYPE>Name</PATHTYPE>
                    <PATH>RefCountedPtrArray.h</PATH>
                    <PATHFORMAT>Windows</PATHFORMAT>
                    <FILEKIND>Text</FILEKIND>
                    <FILEFLAGS></FILEFLAGS>
                </FILE>
                <FILE>
                    <PATHTYPE>Name</PATHTYPE>
                    <PATH>set.h</PATH>
                    <PATHFORMAT>Windows</PATHFORMAT>
                    <FILEKIND>Text</FILEKIND>
                    <FILEFLAGS></FILEFLAGS>
                </FILE>
                <FILE>
                    <PATHTYPE>Name</PATHTYPE>
                    <PATH>slist.h</PATH>
                    <PATHFORMAT>Windows</PATHFORMAT>
                    <FILEKIND>Text</FILEKIND>
                    <FILEFLAGS></FILEFLAGS>
                </FILE>
                <FILE>
                    <PATHTYPE>Name</PATHTYPE>
                    <PATH>sstream.h</PATH>
                    <PATHFORMAT>Windows</PATHFORMAT>
                    <FILEKIND>Text</FILEKIND>
                    <FILEFLAGS></FILEFLAGS>
                </FILE>
                <FILE>
                    <PATHTYPE>Name</PATHTYPE>
                    <PATH>stack.h</PATH>
                    <PATHFORMAT>Windows</PATHFORMAT>
                    <FILEKIND>Text</FILEKIND>
                    <FILEFLAGS></FILEFLAGS>
                </FILE>
                <FILE>
                    <PATHTYPE>Name</PATHTYPE>
                    <PATH>stdexcept.h</PATH>
                    <PATHFORMAT>Windows</PATHFORMAT>
                    <FILEKIND>Text</FILEKIND>
                    <FILEFLAGS></FILEFLAGS>
                </FILE>
                <FILE>
                    <PATHTYPE>Name</PATHTYPE>
                    <PATH>streambuf.h</PATH>
                    <PATHFORMAT>Windows</PATHFORMAT>
                    <FILEKIND>Text</FILEKIND>
                    <FILEFLAGS></FILEFLAGS>
                </FILE>
                <FILE>
                    <PATHTYPE>Name</PATHTYPE>
                    <PATH>stringfwd.h</PATH>
                    <PATHFORMAT>Windows</PATHFORMAT>
                    <FILEKIND>Text</FILEKIND>
                    <FILEFLAGS></FILEFLAGS>
                </FILE>
                <FILE>
                    <PATHTYPE>Name</PATHTYPE>
                    <PATH>strstream.h</PATH>
                    <PATHFORMAT>Windows</PATHFORMAT>
                    <FILEKIND>Text</FILEKIND>
                    <FILEFLAGS></FILEFLAGS>
                </FILE>
                <FILE>
                    <PATHTYPE>Name</PATHTYPE>
                    <PATH>typeinfo.h</PATH>
                    <PATHFORMAT>Windows</PATHFORMAT>
                    <FILEKIND>Text</FILEKIND>
                    <FILEFLAGS></FILEFLAGS>
                </FILE>
                <FILE>
                    <PATHTYPE>Name</PATHTYPE>
                    <PATH>utility.h</PATH>
                    <PATHFORMAT>Windows</PATHFORMAT>
                    <FILEKIND>Text</FILEKIND>
                    <FILEFLAGS></FILEFLAGS>
                </FILE>
                <FILE>
                    <PATHTYPE>Name</PATHTYPE>
                    <PATH>valarray.h</PATH>
                    <PATHFORMAT>Windows</PATHFORMAT>
                    <FILEKIND>Text</FILEKIND>
                    <FILEFLAGS></FILEFLAGS>
                </FILE>
                <FILE>
                    <PATHTYPE>Name</PATHTYPE>
                    <PATH>vector.h</PATH>
                    <PATHFORMAT>Windows</PATHFORMAT>
                    <FILEKIND>Text</FILEKIND>
                    <FILEFLAGS></FILEFLAGS>
                </FILE>
                <FILE>
                    <PATHTYPE>Name</PATHTYPE>
                    <PATH>msl_condition.cpp</PATH>
                    <PATHFORMAT>Windows</PATHFORMAT>
                    <FILEKIND>Text</FILEKIND>
                    <FILEFLAGS>Debug</FILEFLAGS>
                </FILE>
                <FILE>
                    <PATHTYPE>Name</PATHTYPE>
                    <PATH>msl_mutex.cpp</PATH>
                    <PATHFORMAT>Windows</PATHFORMAT>
                    <FILEKIND>Text</FILEKIND>
                    <FILEFLAGS>Debug</FILEFLAGS>
                </FILE>
                <FILE>
                    <PATHTYPE>Name</PATHTYPE>
                    <PATH>msl_thread.cpp</PATH>
                    <PATHFORMAT>Windows</PATHFORMAT>
                    <FILEKIND>Text</FILEKIND>
                    <FILEFLAGS>Debug</FILEFLAGS>
                </FILE>
                <FILE>
                    <PATHTYPE>Name</PATHTYPE>
                    <PATH>msl_time.cpp</PATH>
                    <PATHFORMAT>Windows</PATHFORMAT>
                    <FILEKIND>Text</FILEKIND>
                    <FILEFLAGS>Debug</FILEFLAGS>
                </FILE>
            </FILELIST>
            <LINKORDER>
                <FILEREF>
                    <PATHTYPE>Name</PATHTYPE>
                    <PATH>strstream.cpp</PATH>
                    <PATHFORMAT>Windows</PATHFORMAT>
                </FILEREF>
                <FILEREF>
                    <PATHTYPE>Name</PATHTYPE>
                    <PATH>complex.cpp</PATH>
                    <PATHFORMAT>Windows</PATHFORMAT>
                </FILEREF>
                <FILEREF>
                    <PATHTYPE>Name</PATHTYPE>
                    <PATH>ios.cpp</PATH>
                    <PATHFORMAT>Windows</PATHFORMAT>
                </FILEREF>
                <FILEREF>
                    <PATHTYPE>Name</PATHTYPE>
                    <PATH>iostream.cpp</PATH>
                    <PATHFORMAT>Windows</PATHFORMAT>
                </FILEREF>
                <FILEREF>
                    <PATHTYPE>Name</PATHTYPE>
                    <PATH>locale.cpp</PATH>
                    <PATHFORMAT>Windows</PATHFORMAT>
                </FILEREF>
                <FILEREF>
                    <PATHTYPE>Name</PATHTYPE>
                    <PATH>MSLstring.cpp</PATH>
                    <PATHFORMAT>Windows</PATHFORMAT>
                </FILEREF>
                <FILEREF>
                    <PATHTYPE>Name</PATHTYPE>
                    <PATH>algorithm.h</PATH>
                    <PATHFORMAT>Windows</PATHFORMAT>
                </FILEREF>
                <FILEREF>
                    <PATHTYPE>Name</PATHTYPE>
                    <PATH>bitset.h</PATH>
                    <PATHFORMAT>Windows</PATHFORMAT>
                </FILEREF>
                <FILEREF>
                    <PATHTYPE>Name</PATHTYPE>
                    <PATH>cdeque.h</PATH>
                    <PATHFORMAT>Windows</PATHFORMAT>
                </FILEREF>
                <FILEREF>
                    <PATHTYPE>Name</PATHTYPE>
                    <PATH>complex.h</PATH>
                    <PATHFORMAT>Windows</PATHFORMAT>
                </FILEREF>
                <FILEREF>
                    <PATHTYPE>Name</PATHTYPE>
                    <PATH>deque.h</PATH>
                    <PATHFORMAT>Windows</PATHFORMAT>
                </FILEREF>
                <FILEREF>
                    <PATHTYPE>Name</PATHTYPE>
                    <PATH>exception.h</PATH>
                    <PATHFORMAT>Windows</PATHFORMAT>
                </FILEREF>
                <FILEREF>
                    <PATHTYPE>Name</PATHTYPE>
                    <PATH>fstream.h</PATH>
                    <PATHFORMAT>Windows</PATHFORMAT>
                </FILEREF>
                <FILEREF>
                    <PATHTYPE>Name</PATHTYPE>
                    <PATH>functional.h</PATH>
                    <PATHFORMAT>Windows</PATHFORMAT>
                </FILEREF>
                <FILEREF>
                    <PATHTYPE>Name</PATHTYPE>
                    <PATH>functional_ext.h</PATH>
                    <PATHFORMAT>Windows</PATHFORMAT>
                </FILEREF>
                <FILEREF>
                    <PATHTYPE>Name</PATHTYPE>
                    <PATH>hash_fun.h</PATH>
                    <PATHFORMAT>Windows</PATHFORMAT>
                </FILEREF>
                <FILEREF>
                    <PATHTYPE>Name</PATHTYPE>
                    <PATH>hash_map.h</PATH>
                    <PATHFORMAT>Windows</PATHFORMAT>
                </FILEREF>
                <FILEREF>
                    <PATHTYPE>Name</PATHTYPE>
                    <PATH>hash_set.h</PATH>
                    <PATHFORMAT>Windows</PATHFORMAT>
                </FILEREF>
                <FILEREF>
                    <PATHTYPE>Name</PATHTYPE>
                    <PATH>iomanip.h</PATH>
                    <PATHFORMAT>Windows</PATHFORMAT>
                </FILEREF>
                <FILEREF>
                    <PATHTYPE>Name</PATHTYPE>
                    <PATH>ios.h</PATH>
                    <PATHFORMAT>Windows</PATHFORMAT>
                </FILEREF>
                <FILEREF>
                    <PATHTYPE>Name</PATHTYPE>
                    <PATH>iosfwd.h</PATH>
                    <PATHFORMAT>Windows</PATHFORMAT>
                </FILEREF>
                <FILEREF>
                    <PATHTYPE>Name</PATHTYPE>
                    <PATH>iostream.h</PATH>
                    <PATHFORMAT>Windows</PATHFORMAT>
                </FILEREF>
                <FILEREF>
                    <PATHTYPE>Name</PATHTYPE>
                    <PATH>istream.h</PATH>
                    <PATHFORMAT>Windows</PATHFORMAT>
                </FILEREF>
                <FILEREF>
                    <PATHTYPE>Name</PATHTYPE>
                    <PATH>iterator.h</PATH>
                    <PATHFORMAT>Windows</PATHFORMAT>
                </FILEREF>
                <FILEREF>
                    <PATHTYPE>Name</PATHTYPE>
                    <PATH>list.h</PATH>
                    <PATHFORMAT>Windows</PATHFORMAT>
                </FILEREF>
                <FILEREF>
                    <PATHTYPE>Name</PATHTYPE>
                    <PATH>map.h</PATH>
                    <PATHFORMAT>Windows</PATHFORMAT>
                </FILEREF>
                <FILEREF>
                    <PATHTYPE>Name</PATHTYPE>
                    <PATH>MSLstring.h</PATH>
                    <PATHFORMAT>Windows</PATHFORMAT>
                </FILEREF>
                <FILEREF>
                    <PATHTYPE>Name</PATHTYPE>
                    <PATH>new.h</PATH>
                    <PATHFORMAT>Windows</PATHFORMAT>
                </FILEREF>
                <FILEREF>
                    <PATHTYPE>Name</PATHTYPE>
                    <PATH>numeric.h</PATH>
                    <PATHFORMAT>Windows</PATHFORMAT>
                </FILEREF>
                <FILEREF>
                    <PATHTYPE>Name</PATHTYPE>
                    <PATH>ostream.h</PATH>
                    <PATHFORMAT>Windows</PATHFORMAT>
                </FILEREF>
                <FILEREF>
                    <PATHTYPE>Name</PATHTYPE>
                    <PATH>queue.h</PATH>
                    <PATHFORMAT>Windows</PATHFORMAT>
                </FILEREF>
                <FILEREF>
                    <PATHTYPE>Name</PATHTYPE>
                    <PATH>RefCountedPtrArray.h</PATH>
                    <PATHFORMAT>Windows</PATHFORMAT>
                </FILEREF>
                <FILEREF>
                    <PATHTYPE>Name</PATHTYPE>
                    <PATH>set.h</PATH>
                    <PATHFORMAT>Windows</PATHFORMAT>
                </FILEREF>
                <FILEREF>
                    <PATHTYPE>Name</PATHTYPE>
                    <PATH>slist.h</PATH>
                    <PATHFORMAT>Windows</PATHFORMAT>
                </FILEREF>
                <FILEREF>
                    <PATHTYPE>Name</PATHTYPE>
                    <PATH>sstream.h</PATH>
                    <PATHFORMAT>Windows</PATHFORMAT>
                </FILEREF>
                <FILEREF>
                    <PATHTYPE>Name</PATHTYPE>
                    <PATH>stack.h</PATH>
                    <PATHFORMAT>Windows</PATHFORMAT>
                </FILEREF>
                <FILEREF>
                    <PATHTYPE>Name</PATHTYPE>
                    <PATH>stdexcept.h</PATH>
                    <PATHFORMAT>Windows</PATHFORMAT>
                </FILEREF>
                <FILEREF>
                    <PATHTYPE>Name</PATHTYPE>
                    <PATH>streambuf.h</PATH>
                    <PATHFORMAT>Windows</PATHFORMAT>
                </FILEREF>
                <FILEREF>
                    <PATHTYPE>Name</PATHTYPE>
                    <PATH>stringfwd.h</PATH>
                    <PATHFORMAT>Windows</PATHFORMAT>
                </FILEREF>
                <FILEREF>
                    <PATHTYPE>Name</PATHTYPE>
                    <PATH>strstream.h</PATH>
                    <PATHFORMAT>Windows</PATHFORMAT>
                </FILEREF>
                <FILEREF>
                    <PATHTYPE>Name</PATHTYPE>
                    <PATH>typeinfo.h</PATH>
                    <PATHFORMAT>Windows</PATHFORMAT>
                </FILEREF>
                <FILEREF>
                    <PATHTYPE>Name</PATHTYPE>
                    <PATH>utility.h</PATH>
                    <PATHFORMAT>Windows</PATHFORMAT>
                </FILEREF>
                <FILEREF>
                    <PATHTYPE>Name</PATHTYPE>
                    <PATH>valarray.h</PATH>
                    <PATHFORMAT>Windows</PATHFORMAT>
                </FILEREF>
                <FILEREF>
                    <PATHTYPE>Name</PATHTYPE>
                    <PATH>vector.h</PATH>
                    <PATHFORMAT>Windows</PATHFORMAT>
                </FILEREF>
                <FILEREF>
                    <PATHTYPE>Name</PATHTYPE>
                    <PATH>msl_condition.cpp</PATH>
                    <PATHFORMAT>Windows</PATHFORMAT>
                </FILEREF>
                <FILEREF>
                    <PATHTYPE>Name</PATHTYPE>
                    <PATH>msl_mutex.cpp</PATH>
                    <PATHFORMAT>Windows</PATHFORMAT>
                </FILEREF>
                <FILEREF>
                    <PATHTYPE>Name</PATHTYPE>
                    <PATH>msl_thread.cpp</PATH>
                    <PATHFORMAT>Windows</PATHFORMAT>
                </FILEREF>
                <FILEREF>
                    <PATHTYPE>Name</PATHTYPE>
                    <PATH>msl_time.cpp</PATH>
                    <PATHFORMAT>Windows</PATHFORMAT>
                </FILEREF>
            </LINKORDER>
        </TARGET>
    </TARGETLIST>

    <TARGETORDER>
        <ORDEREDTARGET><NAME>PNO</NAME></ORDEREDTARGET>
    </TARGETORDER>

    <GROUPLIST>
        <GROUP><NAME>Includes</NAME>
            <FILEREF>
                <TARGETNAME>PNO</TARGETNAME>
                <PATHTYPE>Name</PATHTYPE>
                <PATH>algorithm.h</PATH>
                <PATHFORMAT>Windows</PATHFORMAT>
            </FILEREF>
            <FILEREF>
                <TARGETNAME>PNO</TARGETNAME>
                <PATHTYPE>Name</PATHTYPE>
                <PATH>bitset.h</PATH>
                <PATHFORMAT>Windows</PATHFORMAT>
            </FILEREF>
            <FILEREF>
                <TARGETNAME>PNO</TARGETNAME>
                <PATHTYPE>Name</PATHTYPE>
                <PATH>cdeque.h</PATH>
                <PATHFORMAT>Windows</PATHFORMAT>
            </FILEREF>
            <FILEREF>
                <TARGETNAME>PNO</TARGETNAME>
                <PATHTYPE>Name</PATHTYPE>
                <PATH>complex.h</PATH>
                <PATHFORMAT>Windows</PATHFORMAT>
            </FILEREF>
            <FILEREF>
                <TARGETNAME>PNO</TARGETNAME>
                <PATHTYPE>Name</PATHTYPE>
                <PATH>deque.h</PATH>
                <PATHFORMAT>Windows</PATHFORMAT>
            </FILEREF>
            <FILEREF>
                <TARGETNAME>PNO</TARGETNAME>
                <PATHTYPE>Name</PATHTYPE>
                <PATH>exception.h</PATH>
                <PATHFORMAT>Windows</PATHFORMAT>
            </FILEREF>
            <FILEREF>
                <TARGETNAME>PNO</TARGETNAME>
                <PATHTYPE>Name</PATHTYPE>
                <PATH>fstream.h</PATH>
                <PATHFORMAT>Windows</PATHFORMAT>
            </FILEREF>
            <FILEREF>
                <TARGETNAME>PNO</TARGETNAME>
                <PATHTYPE>Name</PATHTYPE>
                <PATH>functional.h</PATH>
                <PATHFORMAT>Windows</PATHFORMAT>
            </FILEREF>
            <FILEREF>
                <TARGETNAME>PNO</TARGETNAME>
                <PATHTYPE>Name</PATHTYPE>
                <PATH>functional_ext.h</PATH>
                <PATHFORMAT>Windows</PATHFORMAT>
            </FILEREF>
            <FILEREF>
                <TARGETNAME>PNO</TARGETNAME>
                <PATHTYPE>Name</PATHTYPE>
                <PATH>hash_fun.h</PATH>
                <PATHFORMAT>Windows</PATHFORMAT>
            </FILEREF>
            <FILEREF>
                <TARGETNAME>PNO</TARGETNAME>
                <PATHTYPE>Name</PATHTYPE>
                <PATH>hash_map.h</PATH>
                <PATHFORMAT>Windows</PATHFORMAT>
            </FILEREF>
            <FILEREF>
                <TARGETNAME>PNO</TARGETNAME>
                <PATHTYPE>Name</PATHTYPE>
                <PATH>hash_set.h</PATH>
                <PATHFORMAT>Windows</PATHFORMAT>
            </FILEREF>
            <FILEREF>
                <TARGETNAME>PNO</TARGETNAME>
                <PATHTYPE>Name</PATHTYPE>
                <PATH>iomanip.h</PATH>
                <PATHFORMAT>Windows</PATHFORMAT>
            </FILEREF>
            <FILEREF>
                <TARGETNAME>PNO</TARGETNAME>
                <PATHTYPE>Name</PATHTYPE>
                <PATH>ios.h</PATH>
                <PATHFORMAT>Windows</PATHFORMAT>
            </FILEREF>
            <FILEREF>
                <TARGETNAME>PNO</TARGETNAME>
                <PATHTYPE>Name</PATHTYPE>
                <PATH>iosfwd.h</PATH>
                <PATHFORMAT>Windows</PATHFORMAT>
            </FILEREF>
            <FILEREF>
                <TARGETNAME>PNO</TARGETNAME>
                <PATHTYPE>Name</PATHTYPE>
                <PATH>iostream.h</PATH>
                <PATHFORMAT>Windows</PATHFORMAT>
            </FILEREF>
            <FILEREF>
                <TARGETNAME>PNO</TARGETNAME>
                <PATHTYPE>Name</PATHTYPE>
                <PATH>istream.h</PATH>
                <PATHFORMAT>Windows</PATHFORMAT>
            </FILEREF>
            <FILEREF>
                <TARGETNAME>PNO</TARGETNAME>
                <PATHTYPE>Name</PATHTYPE>
                <PATH>iterator.h</PATH>
                <PATHFORMAT>Windows</PATHFORMAT>
            </FILEREF>
            <FILEREF>
                <TARGETNAME>PNO</TARGETNAME>
                <PATHTYPE>Name</PATHTYPE>
                <PATH>list.h</PATH>
                <PATHFORMAT>Windows</PATHFORMAT>
            </FILEREF>
            <FILEREF>
                <TARGETNAME>PNO</TARGETNAME>
                <PATHTYPE>Name</PATHTYPE>
                <PATH>map.h</PATH>
                <PATHFORMAT>Windows</PATHFORMAT>
            </FILEREF>
            <FILEREF>
                <TARGETNAME>PNO</TARGETNAME>
                <PATHTYPE>Name</PATHTYPE>
                <PATH>MSLstring.h</PATH>
                <PATHFORMAT>Windows</PATHFORMAT>
            </FILEREF>
            <FILEREF>
                <TARGETNAME>PNO</TARGETNAME>
                <PATHTYPE>Name</PATHTYPE>
                <PATH>new.h</PATH>
                <PATHFORMAT>Windows</PATHFORMAT>
            </FILEREF>
            <FILEREF>
                <TARGETNAME>PNO</TARGETNAME>
                <PATHTYPE>Name</PATHTYPE>
                <PATH>numeric.h</PATH>
                <PATHFORMAT>Windows</PATHFORMAT>
            </FILEREF>
            <FILEREF>
                <TARGETNAME>PNO</TARGETNAME>
                <PATHTYPE>Name</PATHTYPE>
                <PATH>ostream.h</PATH>
                <PATHFORMAT>Windows</PATHFORMAT>
            </FILEREF>
            <FILEREF>
                <TARGETNAME>PNO</TARGETNAME>
                <PATHTYPE>Name</PATHTYPE>
                <PATH>queue.h</PATH>
                <PATHFORMAT>Windows</PATHFORMAT>
            </FILEREF>
            <FILEREF>
                <TARGETNAME>PNO</TARGETNAME>
                <PATHTYPE>Name</PATHTYPE>
                <PATH>RefCountedPtrArray.h</PATH>
                <PATHFORMAT>Windows</PATHFORMAT>
            </FILEREF>
            <FILEREF>
                <TARGETNAME>PNO</TARGETNAME>
                <PATHTYPE>Name</PATHTYPE>
                <PATH>set.h</PATH>
                <PATHFORMAT>Windows</PATHFORMAT>
            </FILEREF>
            <FILEREF>
                <TARGETNAME>PNO</TARGETNAME>
                <PATHTYPE>Name</PATHTYPE>
                <PATH>slist.h</PATH>
                <PATHFORMAT>Windows</PATHFORMAT>
            </FILEREF>
            <FILEREF>
                <TARGETNAME>PNO</TARGETNAME>
                <PATHTYPE>Name</PATHTYPE>
                <PATH>sstream.h</PATH>
                <PATHFORMAT>Windows</PATHFORMAT>
            </FILEREF>
            <FILEREF>
                <TARGETNAME>PNO</TARGETNAME>
                <PATHTYPE>Name</PATHTYPE>
                <PATH>stack.h</PATH>
                <PATHFORMAT>Windows</PATHFORMAT>
            </FILEREF>
            <FILEREF>
                <TARGETNAME>PNO</TARGETNAME>
                <PATHTYPE>Name</PATHTYPE>
                <PATH>stdexcept.h</PATH>
                <PATHFORMAT>Windows</PATHFORMAT>
            </FILEREF>
            <FILEREF>
                <TARGETNAME>PNO</TARGETNAME>
                <PATHTYPE>Name</PATHTYPE>
                <PATH>streambuf.h</PATH>
                <PATHFORMAT>Windows</PATHFORMAT>
            </FILEREF>
            <FILEREF>
                <TARGETNAME>PNO</TARGETNAME>
                <PATHTYPE>Name</PATHTYPE>
                <PATH>stringfwd.h</PATH>
                <PATHFORMAT>Windows</PATHFORMAT>
            </FILEREF>
            <FILEREF>
                <TARGETNAME>PNO</TARGETNAME>
                <PATHTYPE>Name</PATHTYPE>
                <PATH>strstream.h</PATH>
                <PATHFORMAT>Windows</PATHFORMAT>
            </FILEREF>
            <FILEREF>
                <TARGETNAME>PNO</TARGETNAME>
                <PATHTYPE>Name</PATHTYPE>
                <PATH>typeinfo.h</PATH>
                <PATHFORMAT>Windows</PATHFORMAT>
            </FILEREF>
            <FILEREF>
                <TARGETNAME>PNO</TARGETNAME>
                <PATHTYPE>Name</PATHTYPE>
                <PATH>utility.h</PATH>
                <PATHFORMAT>Windows</PATHFORMAT>
            </FILEREF>
            <FILEREF>
                <TARGETNAME>PNO</TARGETNAME>
                <PATHTYPE>Name</PATHTYPE>
                <PATH>valarray.h</PATH>
                <PATHFORMAT>Windows</PATHFORMAT>
            </FILEREF>
            <FILEREF>
                <TARGETNAME>PNO</TARGETNAME>
                <PATHTYPE>Name</PATHTYPE>
                <PATH>vector.h</PATH>
                <PATHFORMAT>Windows</PATHFORMAT>
            </FILEREF>
        </GROUP>
        <GROUP><NAME>Source</NAME>
            <FILEREF>
                <TARGETNAME>PNO</TARGETNAME>
                <PATHTYPE>Name</PATHTYPE>
                <PATH>complex.cpp</PATH>
                <PATHFORMAT>Windows</PATHFORMAT>
            </FILEREF>
            <FILEREF>
                <TARGETNAME>PNO</TARGETNAME>
                <PATHTYPE>Name</PATHTYPE>
                <PATH>ios.cpp</PATH>
                <PATHFORMAT>Windows</PATHFORMAT>
            </FILEREF>
            <FILEREF>
                <TARGETNAME>PNO</TARGETNAME>
                <PATHTYPE>Name</PATHTYPE>
                <PATH>iostream.cpp</PATH>
                <PATHFORMAT>Windows</PATHFORMAT>
            </FILEREF>
            <FILEREF>
                <TARGETNAME>PNO</TARGETNAME>
                <PATHTYPE>Name</PATHTYPE>
                <PATH>locale.cpp</PATH>
                <PATHFORMAT>Windows</PATHFORMAT>
            </FILEREF>
            <FILEREF>
                <TARGETNAME>PNO</TARGETNAME>
                <PATHTYPE>Name</PATHTYPE>
                <PATH>MSLstring.cpp</PATH>
                <PATHFORMAT>Windows</PATHFORMAT>
            </FILEREF>
            <FILEREF>
                <TARGETNAME>PNO</TARGETNAME>
                <PATHTYPE>Name</PATHTYPE>
                <PATH>msl_condition.cpp</PATH>
                <PATHFORMAT>Windows</PATHFORMAT>
            </FILEREF>
            <FILEREF>
                <TARGETNAME>PNO</TARGETNAME>
                <PATHTYPE>Name</PATHTYPE>
                <PATH>msl_mutex.cpp</PATH>
                <PATHFORMAT>Windows</PATHFORMAT>
            </FILEREF>
            <FILEREF>
                <TARGETNAME>PNO</TARGETNAME>
                <PATHTYPE>Name</PATHTYPE>
                <PATH>msl_thread.cpp</PATH>
                <PATHFORMAT>Windows</PATHFORMAT>
            </FILEREF>
            <FILEREF>
                <TARGETNAME>PNO</TARGETNAME>
                <PATHTYPE>Name</PATHTYPE>
                <PATH>msl_time.cpp</PATH>
                <PATHFORMAT>Windows</PATHFORMAT>
            </FILEREF>
            <FILEREF>
                <TARGETNAME>PNO</TARGETNAME>
                <PATHTYPE>Name</PATHTYPE>
                <PATH>strstream.cpp</PATH>
                <PATHFORMAT>Windows</PATHFORMAT>
            </FILEREF>
        </GROUP>
    </GROUPLIST>

</PROJECT>
